tiempo,idMontacargas,nodosActuales,paquetesTrasladados,distanciaRecorrida,pesoLevantado
0.33299803733825684,0,1,0,4.663244247436523,0
0.5330719947814941,0,2,0,11.855114459991453,0
0.5658740997314453,1,1,0,13.389845681190486,0
